model_size,split,run,seed,n_samples,image_dim,text_dim,batch_size,no_batches,B-TSI,B-QSI,C-TSI,C-QSI,C-TSI-CosSim,C-QSI-CosSim,B-CKA,B-CKNNA,B-MutualNN,B-SVCCA,B-PWCCA,C-CKA
small,val,1,1000,50000,512,512,1000,10,0.5618633936541753,0.5189785943055675,0.5634899,0.521332,0.5190692,0.4814516,0.3949646526312395,0.2069315205981904,0.08261000588536263,,,0.3662375223821965
medium,val,1,1000,50000,512,512,1000,10,0.5747679820100662,0.5359554465917707,0.5751975,0.5368974,0.529171,0.4876003,0.4289109505080786,0.22925656795504262,0.09004000425338746,,,0.3990877495186366
large,val,1,1000,50000,768,768,1000,10,0.5758891960096368,0.5477231224925465,0.5763395,0.5481153,0.5375721,0.5017122,0.4173917497758383,0.2543712021717447,0.11669000312685966,,,0.37515711679471864
