type,n,dim,seed,TSI,QSI,CKA,CKNNA,MutualNN,SVCCA,PWCCA
exact,10000,512,0,0.587970520394708,0.5881407398189853,0.282181743344072,0.019344227409494413,0.019440000876784325,0.3211898308573081,1.102510691087451
