type,n,dim,seed,TSI,QSI,CKA,CKNNA,MutualNN,SVCCA,PWCCA
exact,1000,50,0,0.621794542037027,0.6248112094905058,0.2866623116830365,0.21382041573925473,0.3156999945640564,0.5085634720024841,0.5816302214601422
