n,metric,lower_bound,num_configs,eps,time_seconds
3,tsi,0.0,3,0.001,0.11
4,tsi,0.0,21,0.001,0.12
5,tsi,0.13333333333333333,222,0.001,101.06
6,tsi,0.16666666666666666,4173,0.001,405906.70
